map,age_ma,file_age_ma,interval,stage,file_title,file,table1_row
1,0,0,Present-day,Holocene,PALEOMAP PaleoAtlas,Map1a PALEOMAP PaleoAtlas_000.jpg,"Present-day (Holocene, 0 Ma)"
2,0.021,1,Last Glacial Maximum,Pleistocene,Last Glacial Maximum,Map2a Last Glacial Maximum_001.jpg,"Last Glacial Maximum (Pleistocene, 21 ky)"
3,3.7,4,Pliocene,Zanclean&Piacenzian,Pliocene,Map3a Pliocene_004.jpg,"Pliocene (Zanclean&Piacenzian, 3.7 Ma)"
4,6.3,6,latest Miocene,Messinian,Messinian Event,Map4a Messinian Event_006.jpg,"latest Miocene (Messinian, 6.3 Ma)"
5,10.5,10,Middle/Late Miocene,Serravallian&Tortonian,Late Miocene,Map5a Late Miocene_010.jpg,"Middle/Late Miocene (Serravallian&Tortonian, 10.5 Ma)"
6,14.9,15,Middle Miocene,Langhian,Middle Miocene,Map6a  Middle Miocene_015.jpg,"Middle Miocene (Langhian, 14.9 Ma)"
7,19.5,20,Early Miocene,Aquitanian&Burdigalian,Early Miocene,Map7a  Early Miocene_020.jpg,"Early Miocene (Aquitanian&Burdigalian, 19.5 Ma)"
8,25.7,25,Late Oligocene,Chattian,Late Oligocene,Map8a Late Oligocene_025.jpg,"Late Oligocene (Chattian, 25.7 Ma)"
9,31.1,30,Early Oligocene,Rupelian,Early Oligocene,Map9a  Early Oligocene_030.jpg,"Early Oligocene (Rupelian, 31.1 Ma)"
10,35.6,35,Late Eocene,Priabonian,Late Eocene,Map10a Late Eocene_035.jpg,"Late Eocene (Priabonian, 35.6 Ma)"
11,38.8,40,late Middle Eocene,Bartonian,MIddle Eocene,Map11a MIddle Eocene_040.jpg,"late Middle Eocene (Bartonian, 38.8 Ma)"
12,44.6,45,early Middle Eocene,middle Lutetian,early Middle Eocene,Map12a early Middle Eocene_045.jpg,"early Middle Eocene (middle Lutetian, 44.6 Ma)"
13,52.2,50,Early Eocene,Ypresian,Early Eocene,Map13a Early Eocene_050.jpg,"Early Eocene (Ypresian, 52.2 Ma)"
14,55.8,55,Paleocene/Eocene Boundary,Thanetian/Ypresian Boundary,PETM,Map14a PETM_055.jpg,"Paleocene/Eocene Boundary (Thanetian/Ypresian Boundary, 55.8 Ma) PETM"
15,60.6,60,Paleocene,Danian&Thanetian,Paleocene,Map15a Paleocene_060.jpg,"Paleocene (Danian&Thanetian, 60.6 Ma)"
16,65.5,66,KT Boundary,latest Maastrichtian,KT Boundary,Map16a KT Boundary_066.jpg,"KT Boundary (latest Maastrichtian, 65.5 Ma)"
17,68,70,Late Cretaceous,Maastrichtian,LtK Maastrichtian,Map17a LtK Maastrichtian_070.jpg,"Late Cretaceous (Maastrichtian, 68 Ma)"
18,73.8,75,Late Cretaceous,Late Campanian,LtK Late Campanian,Map18a LtK Late Campanian_075.jpg,"Late Cretaceous (Late Campanian, 73.8 Ma)"
19,80.3,80,Late Cretaceous,Early Campanian,LtK Early Campanian,Map19a LtK Early Campanian_080.jpg,"Late Cretaceous (Early Campanian, 80.3 Ma)"
21,91.1,90,Mid-Cretaceous,Turonian,LtK Turonian,Map21a LtK Turonian_090.jpg,"Mid-Cretaceous (Turonian , 91.1 Ma)"
22,96.6,95,Mid-Cretaceous,Cenomanian,LtK Cenomanian,Map22a LtK Cenomanian_095.jpg,"Mid-Cretaceous (Cenomanian, 96.6 Ma)"
23,101.8,100,Early Cretaceous,late Albian,EK Late Albian,Map23a EK Late Albian_100.jpg,"Early Cretaceous (late Albian, 101.8 Ma)"
24,106,105,Early Cretaceous,middle Albian,EK Middle Albian,Map24a EK Middle Albian_105.jpg,"Early Cretaceous (middle Albian, 106 Ma)"
25,110,110,Early Cretaceous,early Albian,EK Early Albian,Map25a EK Early Albian_110.jpg,"Early Cretaceous (early Albian, 110 Ma)"
26,115.2,115,Early Cretaceous,late Aptian,EK Late Aptian,Map26a EK Late Aptian_115.jpg,"Early Cretaceous (late Aptian, 115.2 Ma)"
27,121.8,120,Early Cretaceous,early Aptian,EK Early Albian,Map27a EK Early Albian_120.jpg,"Early Cretaceous (early Aptian, 121.8 Ma)"
28,127.5,125,Early Cretaceous,Barremian,EK Barremian,Map28a EK Barremian_125.jpg,"Early Cretaceous (Barremian, 127.5 Ma)"
29,132,130,Early Cretaceous,Hauterivian,EK Hauterivian,Map29a EK Hauterivian_130.jpg,"Early Cretaceous (Hauterivian, 132 Ma)"
30,137,135,Early Cretaceous,Valanginian,EK Valangian,Map30a EK Valangian_135.jpg,"Early Cretaceous (Valanginian, 137 Ma)"
31,143,140,Early Cretaceous,Berriasian,EK Berriasian,Map31a EK Berriasian_140.jpg,"Early Cretaceous (Berriasian, 143 Ma)"
32,145.5,145,Jurassic/Cretaceous Boundary,,Jurassic-Cretaceous Boundary,Map32a Jurassic-Cretaceous Boundary_145.jpg,Jurassic/Cretaceous Boundary (145.5 Ma)
33,148.2,150,Late Jurassic,Tithonian,LtJ Tithonian,Map33a LtJ Tithonian_150.jpg,"Late Jurassic (Tithonian, 148.2 Ma)"
34,153.2,155,Late Jurassic,Kimmeridgian,LtJ Kimmeridgian,Map34a LtJ Kimmeridgian_155.jpg,"Late Jurassic (Kimmeridgian, 153.2 Ma)"
35,158.4,160,Late Jurassic,Oxfordian,LtJ Oxfordian,Map35a LtJ Oxfordian_160.jpg,"Late Jurassic (Oxfordian, 158.4 Ma)"
36,164.5,165,Middle Jurassic,Callovian,MJ Callovian,Map36a MJ Callovian_165.jpg,"Middle Jurassic (Callovian, 164.5 Ma)"
37,169.7,170,Middle Jurassic,Bajocian&Bathonian,MJ Bajocian&Bathonian,Map37a MJ Bajocian&Bathonian_170.jpg,"Middle Jurassic (Bajocian&Bathonian, 169.7)"
38,173.6,175,Middle Jurassic,Aalenian,MJ Aalenian,Map38a MJ Aalenian_175.jpg,"Middle Jurassic (Aalenian, 173.6 Ma)"
39,179.3,180,Early Jurassic,Toarcian,EJ Toarcian,Map39a EJ Toarcian_180.jpg,"Early Jurassic (Toarcian, 179.3 Ma)"
40,186.3,185,Early Jurassic,Pliensbachian,EJ Pliensbachian,Map40a EJ Pliensbachian_185.jpg,"Early Jurassic (Pliensbachian, 186.3 Ma)"
41,189.6,190,Early Jurassic,Sinemurian/Pliensbachian,EJ Sinemurian,Map41a EJ Sinemurian_190.jpg,"Early Jurassic (Sinemurian/Pliensbachian, 189.6 Ma)"
42,194.6,195,Early Jurassic,Hettangian&Sinemurian,EJ Hettangian,Map42a EJ Hettangian_195.jpg,"Early Jurassic (Hettangian&Sinemurian, 194.6 Ma)"
43,199.6,200,Triassic/Jurassic Boundary,,Triassic-Jurassic Boundary,Map43a Triassic-Jurassic Boundary_200.jpg,Triassic/Jurassic Boundary (199.6 Ma)
44,210,210,Late Triassic,Norian,LtTr Norian,Map44a LtTr Norian_210.jpg,"Late Triassic (Norian, 210 Ma)"
45,222.6,220,Late Triassic,Carnian,LtTr Carnian,Map45a LtTr Carnian_220.jpg,"Late Triassic (Carnian, 222.6 Ma)"
46,232.9,230,Middle Triassic,Ladinian,MTr Ladinian,Map46a MTr Ladinian_230.jpg,"Middle Triassic (Ladinian, 232.9 Ma)"
47,241.5,240,Middle Triassic,Anisian,MTr Anisian,Map47a MTr Anisian_240.jpg,"Middle Triassic (Anisian, 241.5 Ma)"
48,248.5,245,Early Triassic,Induan&Olenekian,ETr Induan-Olenekian,Map48a ETr Induan-Olenekian_245.jpg,"Early Triassic (Induan&Olenekian, 248.5 Ma)"
49,251,250,Permo-Triassic Boundary,,Permo-Triassic Boundary,Map49a Permo-Triassic Boundary_250.jpg,Permo-Triassic Boundary (251 Ma)
50,255.7,255,Late Permian,Lopingian,LtP Lopingian,Map50a LtP Lopingian_255.jpg,"Late Permian (Lopingian, 255.7 Ma)"
51,263.1,260,late Middle Permian,Capitanian,LtP Capitanian,Map51a LtP Capitanian_260.jpg,"late Middle Permian (Capitanian, 263.1 Ma)"
52,268.2,270,Middle Permian,Roadian&Wordian,MP Roadian&Wordian,Map52a MP Roadian&Wordian_270.jpg,"Middle Permian (Roadian&Wordian, 268.2 Ma)"
53,273.1,275,Early Permian,Kungurian,EP Kungurian,Map53a EP Kungurian_275.jpg,"Early Permian (Kungurian, 273.1 Ma)"
54,280,280,Early Permian,Artinskian,EP Artinskian,Map54a EP Artinskian_280.jpg,"Early Permian (Artinskian, 280 Ma)"
55,289.5,290,Early Permian,Sakmarian,EP Sakmarian,Map55a EP Sakmarian_290.jpg,"Early Permian (Sakmarian, 289.5 Ma)"
56,296.8,295,Early Permian,Asselian,EP Asselian,Map56a EP Asselian_295.jpg,"Early Permian (Asselian, 296.8 Ma)"
57,301.2,300,Late Pennsylvanian,Gzhelian,LtCarb Gzhelian,Map57a LtCarb Gzhelian_300.jpg,"Late Pennsylvanian (Gzhelian, 301.2 Ma)"
58,305.3,305,Late Pennsylvanian,Kasimovian,LtCarb Kasimovian,Map58a LtCarb Kasimovian_305.jpg,"Late Pennsylvanian (Kasimovian, 305.3 Ma)"
59,309.5,310,Middle Pennsylvanian,Moscovian,LtCarb Moscovian,Map59a LtCarb Moscovian_310.jpg,"Middle Pennsylvanian (Moscovian, 309.5 Ma)"
60,314.9,315,Early Pennsylvanian,Bashkirian,LtCarb Bashkirian,Map60a LtCarb Bashkirian_315.jpg,"Early Pennsylvanian (Bashkirian, 314.9 Ma)"
61,323.2,320,Late Mississippian,Serpukhovian,ECarb Serpukhovian,Map61a ECarb Serpukhovian_320.jpg,"Late Mississippian (Serpukhovian, 323.2 Ma)"
62,332.5,330,Middle Mississippian,late Visean,ECarb Late Visean,Map62a ECarb Late Visean_330.jpg,"Middle Mississippian (late Visean, 332.5 Ma)"
63,341.1,340,Middle Mississippian,early Visean,ECarb Early Visean,Map63a ECarb Early Visean_340.jpg,"Middle Mississippian (early Visean, 341.1 Ma)"
64,352.3,350,Early Mississippian,Tournaisian,ECarb Tournaisian,Map64a ECarb Tournaisian_350.jpg,"Early Mississippian (Tournaisian, 352.3 Ma)"
65,359.2,360,Devono-Carboniferous Boundary,,Devono-Carboniferous Boundary,Map65a Devono-Carboniferous Boundary_360.jpg,Devono-Carboniferous Boundary (359.2 Ma)
66,370.3,370,Late Devonian,Famennian,LtD Famennian,Map66a LtD Famennian_370.jpg,"Late Devonian (Famennian, 370.3 Ma)"
67,379.9,380,Late Devonian,Frasnian,LtD Frasnian,Map67a LtD Frasnian_380.jpg,"Late Devonian (Frasnian, 379.9 Ma)"
68,388.2,390,Middle Devonian,Givetian,MD Givetian,Map68a MD Givetian_390.jpg,"Middle Devonian (Givetian, 388.2 Ma)"
69,394.3,395,Middle Devonian,Eifelian,MD Eifelian,Map69a MD Eifelian_395.jpg,"Middle Devonian (Eifelian, 394.3 Ma)"
70,402.3,400,Early Devonian,Emsian,ED Emsian,Map70a ED Emsian_400.jpg,"Early Devonian (Emsian, 402.3 Ma)"
71,409.1,410,Early Devonian,Pragian,ED Pragian,Map71a ED Pragian_410.jpg,"Early Devonian (Pragian, 409.1 Ma)"
72,413.6,415,Early Devonian,Lochkovian,ED Lochlovian,Map72a ED Lochlovian_415.jpg,"Early Devonian (Lochkovian, 413.6 Ma)"
73,419.5,420,Late Silurian,Ludlow&Pridoli,LtS  Ludlow&Pridoli,Map73a LtS  Ludlow&Pridoli_420.jpg,"Late Silurian (Ludlow&Pridoli, 419.5 Ma)"
74,425.6,425,Middle Silurian,Wenlock,MS Wenlock,Map74a MS Wenlock_425.jpg,"Middle Silurian (Wenlock, 425.6 Ma)"
75,432.1,430,Early Silurian,late Llandovery,ES late Llandovery,Map75a ES late Llandovery_430.jpg,"Early Silurian (late Llandovery, 432.1 Ma)"
76,439.8,440,Early Silurian,early Lalndovery,ES early Llandovery,Map76a ES early Llandovery_440.jpg,"Early Silurian (early Lalndovery, 439.8 Ma)"
77,444.7,445,Late Ordovician,Hirnantian,LtO Hirnantian,Map77a LtO Hirnantian_445.jpg,"Late Ordovician (Hirnantian, 444.7 Ma)"
78,448.3,450,Late Ordovician,Ashgill,LtO Sandbian-Katian,Map78a LtO Sandbian-Katian_450.jpg,"Late Ordovician (Ashgill, 448.3 Ma)"
79,456,460,Late Ordovician,Caradoc,LtO Caradoc,Map79a LtO Caradoc_460.jpg,"Late Ordovician (Caradoc, 456 Ma)"
80,464.5,461,Middle Ordovician,Darwillian,LtO Darwillian,Map80a LtO Darwillian_461.jpg,"Middle Ordovician (Darwillian,464.5 Ma)"
81,473.4,470,Early Ordovician,Arenig,EO Floian-Dapingian,Map81a EO Floian-Dapingian_470.jpg,"Early Ordovician (Arenig, 473.4 Ma)"
82,480,480,Early Ordovician,Tremadoc,EO Tremadoc,Map82a EO Tremadoc_480.jpg,"Early Ordovician (Tremadoc, 480 Ma)"
83,488.3,490,Cambro-Ordovician Boundary,,Cambro-Ordovician Boundary,Map83a Cambro-Ordovician Boundary_490.jpg,Cambro-Ordovician Boundary (488.3 Ma)
84,500,500,Late Cambrian,,LtC Furongian,Map84a LtC Furongian_500.jpg,Late Cambrian (500 Ma)
85,510,510,early Late Cambrian,,early Late Cambrian Series 3,Map85a early Late Cambrian Series 3_510.jpg,early Late Cambrian (510 Ma)
86,520,520,Middle Cambrian,,Middle Cambrian Series 2,Map86a Middle Cambrian Series 2_520.jpg,Middle Cambrian (520 Ma)
87,533.5,530,Early Cambrian,,Early Cambrian Terreneuvian,Map87a Early Cambrian Terreneuvian_530.jpg,Early Cambrian (533.5 Ma)
88,542,540,Cambrian/Precambrian boundary,,Precambrian-Cambrian Boundary,Map88a Precambrian-Cambrian Boundary_540.jpg,Cambrian/Precambrian boundary (542 Ma)
90,600,600,Late Neoproterozoic,Middle Ediacaran,Middle Ediacaran,Map90a Middle Ediacaran_600.jpg,"Late Neoproterozoic (Middle Ediacaran, 600 Ma)"
92,690,690,Middle Neoproterozoic,Late Cryogenian,Late Cryogenian,Map92a Late Cryogenian_690.jpg,"Middle Neoproterozoic (Late Cryogenian, 690 Ma)"
93,750,750,Middle Neoproterozoic,Middle Cryogenian,MIddle Cryogenian,Map93a MIddle Cryogenian_750.jpg,"Middle Neoproterozoic (Middle Cryogenian, 750 Ma)"
